{
  "project_info": {
    "project_number": "18680925842",
    "project_id": "dm-terrassa-2022",
    "storage_bucket": "dm-terrassa-2022.appspot.com"
  },
  "client": [
    {
      "client_info": {
        "mobilesdk_app_id": "1:18680925842:android:76f938edcaa131c40ce04b",
        "android_client_info": {
          "package_name": "com.example.projecte2_mobiles"
        }
      },
      "oauth_client": [
        {
          "client_id": "18680925842-qfc0poffvb5rvp6c1po2clldd07cmtsb.apps.googleusercontent.com",
          "client_type": 3
        }
      ],
      "api_key": [
        {
          "current_key": "AIzaSyDa90ZrY8ogAa_vGlkN3gIZt8vELXndVG0"
        }
      ],
      "services": {
        "appinvite_service": {
          "other_platform_oauth_client": [
            {
              "client_id": "18680925842-qfc0poffvb5rvp6c1po2clldd07cmtsb.apps.googleusercontent.com",
              "client_type": 3
            }
          ]
        }
      }
    }
  ],
  "configuration_version": "1"
}